DIAG_NM,activity_cal_active,activity_cal_total,activity_daily_movement,activity_steps,sleep_awake,sleep_breath_average,sleep_deep,sleep_duration,sleep_hr_average,sleep_hr_lowest,sleep_rem
Dem,422.8319025840307,2451.662193694954,7926.098608716721,9194.240632852086,6823.296828641808,16.666301632494502,4199.597653391989,33582.08426510319,58.626567469554566,52.70805807628563,4063.4841908410144
MCI,478.6625109853471,2539.814475412748,8996.601904472282,11080.470564515084,5725.049002360756,16.91464923699971,4896.060853768711,29023.269868470536,60.344267505245654,55.058551633262546,3542.9260629883843
CN,460.3757869935222,2484.323611554248,8715.73405185674,10533.49423526137,5305.218680855735,16.733783697504197,5291.957083947756,28628.825633230696,60.61229524424158,55.06802441648845,3653.123870908104
