DIAG_NM,sleep_breath_average,sleep_hr_average,sleep_hr_lowest,sleep_deep,sleep_rem,activity_cal_total,sleep_awake,activity_steps,activity_total,sleep_duration,activity_daily_movement
CN,16.733783697504197,60.61229524424158,55.06802441648845,5291.957083947756,3653.123870908104,2484.323611554248,5305.218680855735,10533.49423526137,336.308147761495,28628.825633230696,8715.73405185674
MCI,16.91464923699971,60.344267505245654,55.058551633262546,4896.060853768711,3542.9260629883843,2539.814475412748,5725.049002360756,11080.470564515084,364.0630293598754,29023.269868470536,8996.601904472282
Dem,16.666301632494502,58.626567469554566,52.70805807628563,4199.597653391989,4063.4841908410144,2451.662193694954,6823.296828641808,9194.240632852086,271.01828013284427,33582.08426510319,7926.098608716721
